Unnamed: 0,username,user id,access hash,name,group,group id
5167,HRAffam,1905896941,4.789155654062017e+18,HRAff,–ê—Ä–±–∏—Ç—Ä–∞–∂–Ω—ã–π —á–∞—Ç - DaddyAff,1385260727
5168,Hydro666x,5229345404,-8.958179757833869e+18,–ù–∏–∫–∏—Ç–∞ –†—É—Ñ–∞–Ω–æ–≤,–ê—Ä–±–∏—Ç—Ä–∞–∂–Ω—ã–π —á–∞—Ç - DaddyAff,1385260727
5169,hoty77777,2104914930,-7.964807955827402e+18,AFG,–ê—Ä–±–∏—Ç—Ä–∞–∂–Ω—ã–π —á–∞—Ç - DaddyAff,1385260727
5170,hrtraf,5815356638,-3.5563676060015944e+18,HR,–ê—Ä–±–∏—Ç—Ä–∞–∂–Ω—ã–π —á–∞—Ç - DaddyAff,1385260727
5171,haslsmmm,5378426411,1.3390065506819433e+18,haslsmm,–ê—Ä–±–∏—Ç—Ä–∞–∂–Ω—ã–π —á–∞—Ç - DaddyAff,1385260727
5172,high_five5,5414787014,6.775084746319759e+18,–û–ª–µ–∂–∫–∞ –ö–∞—Ä–∞—Ü—é–ø–∞,–ê—Ä–±–∏—Ç—Ä–∞–∂–Ω—ã–π —á–∞—Ç - DaddyAff,1385260727
5175,hckurass,915683699,2.885597614475305e+18,–ö—Ä–∏—Å—Ç–∏–Ω–∞,–ê—Ä–±–∏—Ç—Ä–∞–∂–Ω—ã–π —á–∞—Ç - DaddyAff,1385260727
5176,gandrey_hyh,685284023,-5.642622864305827e+18,–ê–Ω–¥—Ä—ñ–π,–ê—Ä–±–∏—Ç—Ä–∞–∂–Ω—ã–π —á–∞—Ç - DaddyAff,1385260727
5178,hailoka,1694860872,-2.6455728990262144e+18,Hailey Howells,–ê—Ä–±–∏—Ç—Ä–∞–∂–Ω—ã–π —á–∞—Ç - DaddyAff,1385260727
5179,HUIZRIL,1230872151,6.330116031884448e+18,FFF,–ê—Ä–±–∏—Ç—Ä–∞–∂–Ω—ã–π —á–∞—Ç - DaddyAff,1385260727
5180,harinikso,5499191882,4.5432035606452654e+18,–•–∞—Ä—Ä–∏ –ù–∏–∫–æ–ª–∞—Å,–ê—Ä–±–∏—Ç—Ä–∞–∂–Ω—ã–π —á–∞—Ç - DaddyAff,1385260727
5182,hctr_ggl,5955541482,9.181055925953855e+18,Hector,–ê—Ä–±–∏—Ç—Ä–∞–∂–Ω—ã–π —á–∞—Ç - DaddyAff,1385260727
5183,humanforce1,5835140404,-5.864892205664423e+18,–ì—Ä–∏–≥–æ—Ä–∏–π,–ê—Ä–±–∏—Ç—Ä–∞–∂–Ω—ã–π —á–∞—Ç - DaddyAff,1385260727
5184,HRannaL,5988203010,6.403934154062839e+18,Anna,–ê—Ä–±–∏—Ç—Ä–∞–∂–Ω—ã–π —á–∞—Ç - DaddyAff,1385260727
5185,helpercgg,5617758462,-1.6710901515379963e+18,–Ω–∞ –≤—ã—Å–æ—Ç–µ,–ê—Ä–±–∏—Ç—Ä–∞–∂–Ω—ã–π —á–∞—Ç - DaddyAff,1385260727
5186,HR_CPA_AGGREGATOR,1274029500,6.052891326423576e+18,HR CPA AGGREGATOR,–ê—Ä–±–∏—Ç—Ä–∞–∂–Ω—ã–π —á–∞—Ç - DaddyAff,1385260727
5188,handziukmax,438796082,5.643566714816333e+18,–ú–∞–∫—Å üí•,–ê—Ä–±–∏—Ç—Ä–∞–∂–Ω—ã–π —á–∞—Ç - DaddyAff,1385260727
5189,hellopup,1432943077,-1.172149183847333e+18,Andrey G,–ê—Ä–±–∏—Ç—Ä–∞–∂–Ω—ã–π —á–∞—Ç - DaddyAff,1385260727
5192,HOMIE_ADS,5539006786,3.8290828303665626e+17,HOMIE,–ê—Ä–±–∏—Ç—Ä–∞–∂–Ω—ã–π —á–∞—Ç - DaddyAff,1385260727
5193,helens7777,1120957709,-1.983225283360074e+18,11 11,–ê—Ä–±–∏—Ç—Ä–∞–∂–Ω—ã–π —á–∞—Ç - DaddyAff,1385260727
5194,ssassha,1788064604,-2.1417844421346427e+18,HR Sasha üïµüèª‚Äç‚ôÄÔ∏è,–ê—Ä–±–∏—Ç—Ä–∞–∂–Ω—ã–π —á–∞—Ç - DaddyAff,1385260727
5195,hamovski,1664964736,1.2684379486974185e+18,Hamito,–ê—Ä–±–∏—Ç—Ä–∞–∂–Ω—ã–π —á–∞—Ç - DaddyAff,1385260727
5196,Corona_help3,5588584114,-2.620662469464609e+18,CAP s,–ê—Ä–±–∏—Ç—Ä–∞–∂–Ω—ã–π —á–∞—Ç - DaddyAff,1385260727
5197,HazeShark,5720688103,3.246132264459433e+18,–ú–∞–∫—Å–∏–º,–ê—Ä–±–∏—Ç—Ä–∞–∂–Ω—ã–π —á–∞—Ç - DaddyAff,1385260727
5198,Hub_studio,1440877877,-2.7643031556025887e+18,EVG,–ê—Ä–±–∏—Ç—Ä–∞–∂–Ω—ã–π —á–∞—Ç - DaddyAff,1385260727
5199,host014,5386810934,-2.5953064451435177e+18,Host,–ê—Ä–±–∏—Ç—Ä–∞–∂–Ω—ã–π —á–∞—Ç - DaddyAff,1385260727
5200,hobot08888999,5755696296,4.73461582338861e+18,Minemanmentality,–ê—Ä–±–∏—Ç—Ä–∞–∂–Ω—ã–π —á–∞—Ç - DaddyAff,1385260727
5201,heroc1tywork,5267535817,-2.1546060854475087e+18,Hero City,–ê—Ä–±–∏—Ç—Ä–∞–∂–Ω—ã–π —á–∞—Ç - DaddyAff,1385260727
5203,Elena_Hr_Manager,5547249009,-8.792854003780774e+18,–ï–ª–µ–Ω–∞,–ê—Ä–±–∏—Ç—Ä–∞–∂–Ω—ã–π —á–∞—Ç - DaddyAff,1385260727
5204,MarryHarris7,5667823625,-8.345057545867603e+18,Maria Harris,–ê—Ä–±–∏—Ç—Ä–∞–∂–Ω—ã–π —á–∞—Ç - DaddyAff,1385260727
5205,Arbitration_HR_SV,1812430543,-9.16981231589854e+18,Arbitraj SV,–ê—Ä–±–∏—Ç—Ä–∞–∂–Ω—ã–π —á–∞—Ç - DaddyAff,1385260727
5206,hr_creepto,5741694003,5.126789399511661e+18,HR –õ—é–±–∞,–ê—Ä–±–∏—Ç—Ä–∞–∂–Ω—ã–π —á–∞—Ç - DaddyAff,1385260727
5207,alx_hr,5022404522,4.2416024742251694e+18,Diana,–ê—Ä–±–∏—Ç—Ä–∞–∂–Ω—ã–π —á–∞—Ç - DaddyAff,1385260727
5208,holikollu,5190097345,-7.050106476999066e+17,–ö–∞—Ä–∏–Ω–∞ –†–æ–≤–Ω–∞—è,–ê—Ä–±–∏—Ç—Ä–∞–∂–Ω—ã–π —á–∞—Ç - DaddyAff,1385260727
5209,hr_arbitrajj,830392048,-7.171817088625871e+18,HR,–ê—Ä–±–∏—Ç—Ä–∞–∂–Ω—ã–π —á–∞—Ç - DaddyAff,1385260727
5210,goodluck_hf,5166371386,-3.6309060595355535e+18,ü¶•,–ê—Ä–±–∏—Ç—Ä–∞–∂–Ω—ã–π —á–∞—Ç - DaddyAff,1385260727
5212,houtab,5037838258,-6.403580115563194e+18,–¢–æ–ø—á–∏–∫,–ê—Ä–±–∏—Ç—Ä–∞–∂–Ω—ã–π —á–∞—Ç - DaddyAff,1385260727
5213,hollesterin,492481140,-2.7860162950449e+18,hollesterin,–ê—Ä–±–∏—Ç—Ä–∞–∂–Ω—ã–π —á–∞—Ç - DaddyAff,1385260727
5214,hotabuz,5737505555,-5.62300359234027e+18,–ü—É–ø—É–∏–Ω,–ê—Ä–±–∏—Ç—Ä–∞–∂–Ω—ã–π —á–∞—Ç - DaddyAff,1385260727
5215,alex_anonymous,5006424147,8.464840977000007e+18,Alex Hack,–ê—Ä–±–∏—Ç—Ä–∞–∂–Ω—ã–π —á–∞—Ç - DaddyAff,1385260727
5216,HRNastya03,5061542638,-2.130757958944432e+18,–ù–∞—Å—Ç—è,–ê—Ä–±–∏—Ç—Ä–∞–∂–Ω—ã–π —á–∞—Ç - DaddyAff,1385260727
5217,HariniBhatnagar21,5295467503,8.283310601787566e+18,Harini Bhatnagar,–ê—Ä–±–∏—Ç—Ä–∞–∂–Ω—ã–π —á–∞—Ç - DaddyAff,1385260727
5219,hirasimshik,5287132430,3.2549167150363366e+18,Hirasima,–ê—Ä–±–∏—Ç—Ä–∞–∂–Ω—ã–π —á–∞—Ç - DaddyAff,1385260727
5220,hr_mediabiz,5190660279,-7.297374369014491e+18,Alex,–ê—Ä–±–∏—Ç—Ä–∞–∂–Ω—ã–π —á–∞—Ç - DaddyAff,1385260727
5221,HakKill000,1965673816,-7.978820747676515e+18,Fish Haking,–ê—Ä–±–∏—Ç—Ä–∞–∂–Ω—ã–π —á–∞—Ç - DaddyAff,1385260727
5222,H0ly_Spring,1242886552,-2.501755663572555e+18,Holy Spring,–ê—Ä–±–∏—Ç—Ä–∞–∂–Ω—ã–π —á–∞—Ç - DaddyAff,1385260727
5223,dovg895,5534057773,-6.041203913588776e+18,–í–ª–∞–¥–∏–º–∏—Ä HR,–ê—Ä–±–∏—Ç—Ä–∞–∂–Ω—ã–π —á–∞—Ç - DaddyAff,1385260727
5224,tuttamtam,5375570669,4.106828521130896e+18,Hha Hha,–ê—Ä–±–∏—Ç—Ä–∞–∂–Ω—ã–π —á–∞—Ç - DaddyAff,1385260727
5225,horoshiy_25,1896467546,-4.716561829933272e+18,Horoshiy Chelovek,–ê—Ä–±–∏—Ç—Ä–∞–∂–Ω—ã–π —á–∞—Ç - DaddyAff,1385260727
5226,Helga_Punch,5517092609,-3.093928104193705e+18,Helga_Punch,–ê—Ä–±–∏—Ç—Ä–∞–∂–Ω—ã–π —á–∞—Ç - DaddyAff,1385260727
5227,hainzenberg73,1860133862,-8.314685860914913e+18,Hainzenberg73,–ê—Ä–±–∏—Ç—Ä–∞–∂–Ω—ã–π —á–∞—Ç - DaddyAff,1385260727
5228,huanperec,1006341440,-6.149762471288386e+18,Alexey,–ê—Ä–±–∏—Ç—Ä–∞–∂–Ω—ã–π —á–∞—Ç - DaddyAff,1385260727
5229,GroupHelpBot,162726413,-8.91998184783269e+18,Group Help,–ê—Ä–±–∏—Ç—Ä–∞–∂–Ω—ã–π —á–∞—Ç - DaddyAff,1385260727
5230,Hyper0777,5309470661,7.311674924741706e+18,hyper077,–ê—Ä–±–∏—Ç—Ä–∞–∂–Ω—ã–π —á–∞—Ç - DaddyAff,1385260727
5231,hrmaria13,5265900590,-1.6364771260684237e+18,Maria Hr,–ê—Ä–±–∏—Ç—Ä–∞–∂–Ω—ã–π —á–∞—Ç - DaddyAff,1385260727
5232,high_p521,5307154347,-4.3037492641415977e+18,High Pay,–ê—Ä–±–∏—Ç—Ä–∞–∂–Ω—ã–π —á–∞—Ç - DaddyAff,1385260727
5233,angel_hr100,5181950159,8.957433788166477e+18,–ê–Ω–≥–µ–ª–∏–Ω–∞ HR,–ê—Ä–±–∏—Ç—Ä–∞–∂–Ω—ã–π —á–∞—Ç - DaddyAff,1385260727
5234,mariatraffhr,5124793650,2.476916406263377e+18,Maria Hr,–ê—Ä–±–∏—Ç—Ä–∞–∂–Ω—ã–π —á–∞—Ç - DaddyAff,1385260727
5235,hadan05,5206462259,6.906820548523172e+18,Hero,–ê—Ä–±–∏—Ç—Ä–∞–∂–Ω—ã–π —á–∞—Ç - DaddyAff,1385260727
5236,HelperTOBI,1914275296,8.291133631942508e+18,–•–µ–ª–ø–µ—Ä Tobiüü¢,–ê—Ä–±–∏—Ç—Ä–∞–∂–Ω—ã–π —á–∞—Ç - DaddyAff,1385260727
5237,hulionpano,2136709351,-9.085065662187192e+18,Hallo,–ê—Ä–±–∏—Ç—Ä–∞–∂–Ω—ã–π —á–∞—Ç - DaddyAff,1385260727
5238,hermano1331,868327811,-3.1057143808355543e+18,Hermano,–ê—Ä–±–∏—Ç—Ä–∞–∂–Ω—ã–π —á–∞—Ç - DaddyAff,1385260727
5239,hena_h,211368386,5.822379578453751e+18,Hena,–ê—Ä–±–∏—Ç—Ä–∞–∂–Ω—ã–π —á–∞—Ç - DaddyAff,1385260727
5240,hedgehike,672368966,9.012667788821108e+18,flare,–ê—Ä–±–∏—Ç—Ä–∞–∂–Ω—ã–π —á–∞—Ç - DaddyAff,1385260727
5241,bugaguy,452592353,8.008206004919028e+18,Harry Good Event,–ê—Ä–±–∏—Ç—Ä–∞–∂–Ω—ã–π —á–∞—Ç - DaddyAff,1385260727
5242,htvld,737708272,-4.630199722807685e+18,Vladislav,–ê—Ä–±–∏—Ç—Ä–∞–∂–Ω—ã–π —á–∞—Ç - DaddyAff,1385260727
5243,HardYald,909113013,-6.936822464333686e+18,Mr.CheloVek,–ê—Ä–±–∏—Ç—Ä–∞–∂–Ω—ã–π —á–∞—Ç - DaddyAff,1385260727
5244,morty_h,1241689488,-1.745935966449164e+18,Morty,–ê—Ä–±–∏—Ç—Ä–∞–∂–Ω—ã–π —á–∞—Ç - DaddyAff,1385260727
5245,Anna_hkashhenkova,1295324193,-5.760636311491408e+18,–ê–Ω–Ω–∞ –ê–Ω–Ω–∞ –ö–∞—â–µ–Ω–∫–æ–≤–∞,–ê—Ä–±–∏—Ç—Ä–∞–∂–Ω—ã–π —á–∞—Ç - DaddyAff,1385260727
5247,helena_sh_23,5224730838,6.093103838429087e+18,–õ–µ–Ω–∞ –®–º–∞–∫–æ–≤–∞,–ê—Ä–±–∏—Ç—Ä–∞–∂–Ω—ã–π —á–∞—Ç - DaddyAff,1385260727
5248,helthor,149920733,-4.852601636554539e+18,Alan,–ê—Ä–±–∏—Ç—Ä–∞–∂–Ω—ã–π —á–∞—Ç - DaddyAff,1385260727
5249,HuntError,393052545,4.276309754670788e+18,–ï–≤–≥–µ–Ω,–ê—Ä–±–∏—Ç—Ä–∞–∂–Ω—ã–π —á–∞—Ç - DaddyAff,1385260727
5250,sourishCorabelle,2134117652,5.72218562812686e+18,Dulcie Hahn,–ê—Ä–±–∏—Ç—Ä–∞–∂–Ω—ã–π —á–∞—Ç - DaddyAff,1385260727
5251,Lia_gramm,162733400,-7.35271066959379e+18,Lia | HR,–ê—Ä–±–∏—Ç—Ä–∞–∂–Ω—ã–π —á–∞—Ç - DaddyAff,1385260727
5252,alexinlaw,1107266359,-2.257301489639982e+18,–ê–ª–µ–∫—Å Hovo,–ê—Ä–±–∏—Ç—Ä–∞–∂–Ω—ã–π —á–∞—Ç - DaddyAff,1385260727
5253,Helpipoteka174,783432552,-2.7196312855925407e+18,–ü–æ–º–æ–≥—É —Å –∏–ø–æ—Ç–µ–∫–æ–π –ë–ï–ó –ü–†–ï–î–û–ü–õ–ê–¢,–ê—Ä–±–∏—Ç—Ä–∞–∂–Ω—ã–π —á–∞—Ç - DaddyAff,1385260727
5258,hamadito,113467894,2.153119411401548e+18,Hamad,–ê—Ä–±–∏—Ç—Ä–∞–∂–Ω—ã–π —á–∞—Ç - DaddyAff,1385260727
5259,herisson,167885814,-1.399509197486476e+18,Max,–ê—Ä–±–∏—Ç—Ä–∞–∂–Ω—ã–π —á–∞—Ç - DaddyAff,1385260727
5260,line_hel,193393469,8.438682873973069e+18,Hi,–ê—Ä–±–∏—Ç—Ä–∞–∂–Ω—ã–π —á–∞—Ç - DaddyAff,1385260727
5261,pavel_habensky,355620785,5.609981643227068e+18,–ü–∞–≤–µ–ª –•–∞–±–µ–Ω—Å–∫–∏–π,–ê—Ä–±–∏—Ç—Ä–∞–∂–Ω—ã–π —á–∞—Ç - DaddyAff,1385260727
5262,Hustleyes,465310572,1.161314669032662e+18,Hustle,–ê—Ä–±–∏—Ç—Ä–∞–∂–Ω—ã–π —á–∞—Ç - DaddyAff,1385260727
5263,D1AB1O,467034594,8.701352500899641e+18,Fuking Hell,–ê—Ä–±–∏—Ç—Ä–∞–∂–Ω—ã–π —á–∞—Ç - DaddyAff,1385260727
5264,H_ked,638499027,6.62499994389122e+18,Error 404 page not found,–ê—Ä–±–∏—Ç—Ä–∞–∂–Ω—ã–π —á–∞—Ç - DaddyAff,1385260727
5265,headkippp,866217870,4.931237758088929e+18,A. Einstein,–ê—Ä–±–∏—Ç—Ä–∞–∂–Ω—ã–π —á–∞—Ç - DaddyAff,1385260727
5266,Helenamiu,890176747,7.883956260916255e+18,Elena Gavrichenko,–ê—Ä–±–∏—Ç—Ä–∞–∂–Ω—ã–π —á–∞—Ç - DaddyAff,1385260727
5267,hedevbase,916950706,-2.7188629730168013e+18,Hedevbase,–ê—Ä–±–∏—Ç—Ä–∞–∂–Ω—ã–π —á–∞—Ç - DaddyAff,1385260727
5268,haytxa,917544856,4.0569264178007593e+18,Stat Good,–ê—Ä–±–∏—Ç—Ä–∞–∂–Ω—ã–π —á–∞—Ç - DaddyAff,1385260727
5269,HaSpol,963343419,7.903928050024045e+18,HaSpol,–ê—Ä–±–∏—Ç—Ä–∞–∂–Ω—ã–π —á–∞—Ç - DaddyAff,1385260727
5270,vihunt,1672781335,-2.140956933727978e+18,HerzPunisher,–ê—Ä–±–∏—Ç—Ä–∞–∂–Ω—ã–π —á–∞—Ç - DaddyAff,1385260727
5271,H2ojackle,1752250101,-3.670500798883032e+18,–ù–∞–¥–∏—è –®–∞–π–º–µ—Ä–¥—è–Ω–æ–≤–∞,–ê—Ä–±–∏—Ç—Ä–∞–∂–Ω—ã–π —á–∞—Ç - DaddyAff,1385260727
5272,hoodrich1773,343068938,8.638103703420909e+18,hoodrich357,–ê—Ä–±–∏—Ç—Ä–∞–∂–Ω—ã–π —á–∞—Ç - DaddyAff,1385260727
5273,Nklv293,391903575,-4.30374459922256e+18,HESOYAM,–ê—Ä–±–∏—Ç—Ä–∞–∂–Ω—ã–π —á–∞—Ç - DaddyAff,1385260727
5275,h4tey0u,331020463,-8.346759365374418e+18,hater,–ê—Ä–±–∏—Ç—Ä–∞–∂–Ω—ã–π —á–∞—Ç - DaddyAff,1385260727
5276,Houdini1907,391326322,-9.181078072893956e+18,Houdini üëπ,–ê—Ä–±–∏—Ç—Ä–∞–∂–Ω—ã–π —á–∞—Ç - DaddyAff,1385260727
5277,hdkfhdksj,491315631,-3.957150342369647e+18,Liners Arts Design,–ê—Ä–±–∏—Ç—Ä–∞–∂–Ω—ã–π —á–∞—Ç - DaddyAff,1385260727
5278,hoooldd,626919876,-4.778605670258879e+18,„Ö§ „Ö§,–ê—Ä–±–∏—Ç—Ä–∞–∂–Ω—ã–π —á–∞—Ç - DaddyAff,1385260727
5279,GARANTIRR,5452129274,8.403748023745421e+18,–í–ê–® –ì–ê–†–ê–ù–¢,–ê—Ä–±–∏—Ç—Ä–∞–∂–Ω—ã–π —á–∞—Ç - DaddyAff,1385260727
5281,Andrey_gang,5928317346,-9.156195788138888e+18,Andrey,–ê—Ä–±–∏—Ç—Ä–∞–∂–Ω—ã–π —á–∞—Ç - DaddyAff,1385260727
5282,Glebovsss,5935564469,-8.44193579822259e+18,–ê–ª–µ–∫—Å–∞–Ω–¥—Ä –ì–ª–µ–±–æ–≤,–ê—Ä–±–∏—Ç—Ä–∞–∂–Ω—ã–π —á–∞—Ç - DaddyAff,1385260727
5283,Gr_BUSHIDO,5501227119,-8.323955025614426e+18,BUSHIDO,–ê—Ä–±–∏—Ç—Ä–∞–∂–Ω—ã–π —á–∞—Ç - DaddyAff,1385260727
5284,Gaaga239,5836162665,-2.7475073231608064e+18,CRYPTOHELPER,–ê—Ä–±–∏—Ç—Ä–∞–∂–Ω—ã–π —á–∞—Ç - DaddyAff,1385260727
5285,galeevdn,5692276126,-4.769361539134376e+18,–î–∏–Ω–∞—Ä –ì–∞–ª–µ–µ–≤,–ê—Ä–±–∏—Ç—Ä–∞–∂–Ω—ã–π —á–∞—Ç - DaddyAff,1385260727
5286,gordi109,5237346149,3.9390670141239977e+18,–ê–Ω–¥—Ä–µ–π,–ê—Ä–±–∏—Ç—Ä–∞–∂–Ω—ã–π —á–∞—Ç - DaddyAff,1385260727
5287,gentleman7171,975724712,7.039378825118968e+18,–í–∏–ø–∏—Å–∫–∏ –¥–ª—è –≤–µ–π–∑—É,–ê—Ä–±–∏—Ç—Ä–∞–∂–Ω—ã–π —á–∞—Ç - DaddyAff,1385260727
5288,groger13,1158375629,4.850425751884202e+18,–ú–∞–∫–∞—Ä,–ê—Ä–±–∏—Ç—Ä–∞–∂–Ω—ã–π —á–∞—Ç - DaddyAff,1385260727
5289,gold_akk7,5109707937,7.222868752860168e+18,–ú–∏–•–∞,–ê—Ä–±–∏—Ç—Ä–∞–∂–Ω—ã–π —á–∞—Ç - DaddyAff,1385260727
5290,goooodesign,1981901646,9.086909083180104e+18,GOODESIGN,–ê—Ä–±–∏—Ç—Ä–∞–∂–Ω—ã–π —á–∞—Ç - DaddyAff,1385260727
5291,GlimForDark,5436769182,4.853653380791337e+18,GlimForDark,–ê—Ä–±–∏—Ç—Ä–∞–∂–Ω—ã–π —á–∞—Ç - DaddyAff,1385260727
5292,ggwpyn,5536352225,-8.861861462204836e+17,–ù–∏–∫–∏—Ç–∞,–ê—Ä–±–∏—Ç—Ä–∞–∂–Ω—ã–π —á–∞—Ç - DaddyAff,1385260727
5294,andrey_grey777,5671336642,7.783558059946632e+18,–ê–Ω–¥—Ä–µ–π –°–≤–∏—Ä–∏–¥–æ–≤,–ê—Ä–±–∏—Ç—Ä–∞–∂–Ω—ã–π —á–∞—Ç - DaddyAff,1385260727
5295,guitar_digital,5305553447,2.734853802732383e+18,–ê–Ω—è,–ê—Ä–±–∏—Ç—Ä–∞–∂–Ω—ã–π —á–∞—Ç - DaddyAff,1385260727
5296,gigovar,5531596498,1.3647565850553646e+18,–ì–∏–≥–æ–≤–∞—Ä,–ê—Ä–±–∏—Ç—Ä–∞–∂–Ω—ã–π —á–∞—Ç - DaddyAff,1385260727
5297,GuyRitchiiee,627103057,7.959151941368018e+18,–î–∞–Ω–∏–∏–ª –ö–æ–Ω—Å—Ç–∞–Ω—Ç–∏–Ω–æ–≤–∏—á,–ê—Ä–±–∏—Ç—Ä–∞–∂–Ω—ã–π —á–∞—Ç - DaddyAff,1385260727
5298,gan_gamGrow,1044239521,1.5996167752339717e+18,Ginger Caramel,–ê—Ä–±–∏—Ç—Ä–∞–∂–Ω—ã–π —á–∞—Ç - DaddyAff,1385260727
5299,garazmatik,736529618,3.722782633281716e+18,–ù–∏–∫–æ–ª–∞–π,–ê—Ä–±–∏—Ç—Ä–∞–∂–Ω—ã–π —á–∞—Ç - DaddyAff,1385260727
5300,Gemblogol,5573710167,1.7161161271918428e+18,Gemblogol,–ê—Ä–±–∏—Ç—Ä–∞–∂–Ω—ã–π —á–∞—Ç - DaddyAff,1385260727
5301,gepssyy,5855495381,6.032371286843805e+18,–£–¥–∞–ª–µ–Ω–Ω—ã–π –ê–∫–∫–∞—É–Ω—Ç,–ê—Ä–±–∏—Ç—Ä–∞–∂–Ω—ã–π —á–∞—Ç - DaddyAff,1385260727
5303,google_accs,5145368341,8.863839842239702e+18,Good Google Account,–ê—Ä–±–∏—Ç—Ä–∞–∂–Ω—ã–π —á–∞—Ç - DaddyAff,1385260727
5304,goldmancryp,2046037628,2.5777941766126065e+18,GoldMan üëâ Bio üëâüí∞,–ê—Ä–±–∏—Ç—Ä–∞–∂–Ω—ã–π —á–∞—Ç - DaddyAff,1385260727
5305,gold_akk777,5551743610,3.4129176601011174e+18,–ê—Ä—Ç–µ–º,–ê—Ä–±–∏—Ç—Ä–∞–∂–Ω—ã–π —á–∞—Ç - DaddyAff,1385260727
5306,bag_google,5416859749,-8.392074545596734e+18,active 300/350,–ê—Ä–±–∏—Ç—Ä–∞–∂–Ω—ã–π —á–∞—Ç - DaddyAff,1385260727
5308,Gacpaco,5829132371,6.281402946212133e+18,Gaspaco Gas,–ê—Ä–±–∏—Ç—Ä–∞–∂–Ω—ã–π —á–∞—Ç - DaddyAff,1385260727
5309,going96,5808152350,4.103379508896927e+17,–ö–∏—Ä–∏–ª–ª,–ê—Ä–±–∏—Ç—Ä–∞–∂–Ω—ã–π —á–∞—Ç - DaddyAff,1385260727
5311,gold_akk77,5308045639,4.4788270180841953e+18,–ê—Ä—Ç–µ–º,–ê—Ä–±–∏—Ç—Ä–∞–∂–Ω—ã–π —á–∞—Ç - DaddyAff,1385260727
5312,googlbombl,5079650792,5.566449761968778e+18,Gass,–ê—Ä–±–∏—Ç—Ä–∞–∂–Ω—ã–π —á–∞—Ç - DaddyAff,1385260727
5314,aqaqaaq0,5663372453,1.5415664990055437e+18,Greeesssss,–ê—Ä–±–∏—Ç—Ä–∞–∂–Ω—ã–π —á–∞—Ç - DaddyAff,1385260727
5315,Gr_BUSHlDO,1213668142,-4.886063426279261e+18,BUSHIDO,–ê—Ä–±–∏—Ç—Ä–∞–∂–Ω—ã–π —á–∞—Ç - DaddyAff,1385260727
5316,Garantsdeloktelegram,5650356414,-4.839419417454204e+18,–î–µ–Ω–∏—Å –ö–≤–∞—Ä—Å—Ö–µ–ª–∏—è,–ê—Ä–±–∏—Ç—Ä–∞–∂–Ω—ã–π —á–∞—Ç - DaddyAff,1385260727
5317,bug_google_ads,1256045760,-4.936827255006496e+17,google ads –∏ —Ç–æ—á–∫–∞,–ê—Ä–±–∏—Ç—Ä–∞–∂–Ω—ã–π —á–∞—Ç - DaddyAff,1385260727
5318,grandobnal,5945232319,3.9588710613040937e+18,Grand,–ê—Ä–±–∏—Ç—Ä–∞–∂–Ω—ã–π —á–∞—Ç - DaddyAff,1385260727
5319,GamenessAffiliate,5435378619,4.842628502800821e+18,–ú–æ–±–∏–ª—å–Ω—ã–µ –ø—Ä–æ–∫—Å–∏ –¥–ª—è –≤–∞—à–µ–≥–æ –±–∏–∑–Ω–µ—Å–∞! –õ—É—á—à–∏–µ –≤ –°–ù–ì!,–ê—Ä–±–∏—Ç—Ä–∞–∂–Ω—ã–π —á–∞—Ç - DaddyAff,1385260727
5320,Gl0ver7,1511389569,-3.311259141921572e+18,–ù–∏–∫–æ–ª–∞–π –ß–µ—á–µ—Ç–æ–≤,–ê—Ä–±–∏—Ç—Ä–∞–∂–Ω—ã–π —á–∞—Ç - DaddyAff,1385260727
5322,google_bill,5731977068,-4.304523304581248e+17,google FIX,–ê—Ä–±–∏—Ç—Ä–∞–∂–Ω—ã–π —á–∞—Ç - DaddyAff,1385260727
5323,google_active,1625587556,-3.797684114579925e+18,ADS active,–ê—Ä–±–∏—Ç—Ä–∞–∂–Ω—ã–π —á–∞—Ç - DaddyAff,1385260727
5324,G1R1D2ON1,5866074950,-7.51503760341795e+18,üá®üáæGORDON üá®üáæ —É—à—ë–ª,–ê—Ä–±–∏—Ç—Ä–∞–∂–Ω—ã–π —á–∞—Ç - DaddyAff,1385260727
5325,googleadsmanager1,5736850082,-7.249022946443859e+18,GoogleAds,–ê—Ä–±–∏—Ç—Ä–∞–∂–Ω—ã–π —á–∞—Ç - DaddyAff,1385260727
5326,gamesportalina,1953461560,3.954635224393818e+17,AlinüöÄ,–ê—Ä–±–∏—Ç—Ä–∞–∂–Ω—ã–π —á–∞—Ç - DaddyAff,1385260727
5327,google_accsstore,5692598057,5.160151178321777e+18,G A,–ê—Ä–±–∏—Ç—Ä–∞–∂–Ω—ã–π —á–∞—Ç - DaddyAff,1385260727
5328,Gb55557,5697994465,9.133379405153986e+18,–íV,–ê—Ä–±–∏—Ç—Ä–∞–∂–Ω—ã–π —á–∞—Ç - DaddyAff,1385260727
5329,GQ_19,5879461655,5.831813466189377e+18,GQ,–ê—Ä–±–∏—Ç—Ä–∞–∂–Ω—ã–π —á–∞—Ç - DaddyAff,1385260727
5333,Guarantor_1,1198023377,-7.037953218872389e+18,–ê–ª–µ–∫—Å–µ–π –í–∏—Ç–∞–ª—å–µ–≤–∏—á,–ê—Ä–±–∏—Ç—Ä–∞–∂–Ω—ã–π —á–∞—Ç - DaddyAff,1385260727
5334,goldenobmen,5005460217,-6.802169483111903e+18,–ö–∏—Ä–∏–ª–ª,–ê—Ä–±–∏—Ç—Ä–∞–∂–Ω—ã–π —á–∞—Ç - DaddyAff,1385260727
5335,GreenCompani,2046780993,-8.803574609227622e+17,Green Company,–ê—Ä–±–∏—Ç—Ä–∞–∂–Ω—ã–π —á–∞—Ç - DaddyAff,1385260727
5337,genrichardt,440769671,-6.029188445198978e+18,Genri Genrich,–ê—Ä–±–∏—Ç—Ä–∞–∂–Ω—ã–π —á–∞—Ç - DaddyAff,1385260727
5341,ganst6r0,5780750556,4.731336326733219e+18,üÑ∂üÑ∞üÑΩüÑ∂üÖÇüÖÉüÑ¥üÖÅ,–ê—Ä–±–∏—Ç—Ä–∞–∂–Ω—ã–π —á–∞—Ç - DaddyAff,1385260727
5345,GetHighs,309388740,2.116073682067448e+18,–í—ã,–ê—Ä–±–∏—Ç—Ä–∞–∂–Ω—ã–π —á–∞—Ç - DaddyAff,1385260727
5346,CrypttoGold,5019102355,4.2377418757799286e+18,Gold,–ê—Ä–±–∏—Ç—Ä–∞–∂–Ω—ã–π —á–∞—Ç - DaddyAff,1385260727
5347,gdhvfhgex,5711872309,2.8518177181734886e+17,–ø—Ä–æ—Å—Ç–æ —á–µ–ª,–ê—Ä–±–∏—Ç—Ä–∞–∂–Ω—ã–π —á–∞—Ç - DaddyAff,1385260727
5348,al1tttggor,5783617453,-7.059531049845594e+18,Anty GORüí∑ —Å–º–æ—Ç—Ä–∏—Ç–µ –±–∏–æ,–ê—Ä–±–∏—Ç—Ä–∞–∂–Ω—ã–π —á–∞—Ç - DaddyAff,1385260727
5349,Ghost2651,5469606470,-5.041191805694581e+18,spaceman,–ê—Ä–±–∏—Ç—Ä–∞–∂–Ω—ã–π —á–∞—Ç - DaddyAff,1385260727
5350,girniyy,5412633603,4.508754434388801e+18,Giroy,–ê—Ä–±–∏—Ç—Ä–∞–∂–Ω—ã–π —á–∞—Ç - DaddyAff,1385260727
5351,gr_farm,5382790411,-6.839013769607674e+18,–°–µ—Ä–≥–µ–π,–ê—Ä–±–∏—Ç—Ä–∞–∂–Ω—ã–π —á–∞—Ç - DaddyAff,1385260727
5352,guseh66,5623536587,-7.859230026906359e+18,·Ö†,–ê—Ä–±–∏—Ç—Ä–∞–∂–Ω—ã–π —á–∞—Ç - DaddyAff,1385260727
5353,btc_gan,5475435712,9.160827782189132e+18,cryptoman,–ê—Ä–±–∏—Ç—Ä–∞–∂–Ω—ã–π —á–∞—Ç - DaddyAff,1385260727
5354,ghostaff,5715637027,-2.7043139329180303e+18,Ann Afanasieva,–ê—Ä–±–∏—Ç—Ä–∞–∂–Ω—ã–π —á–∞—Ç - DaddyAff,1385260727
5355,Gennady_GR8,5755260778,-2.66193756885998e+18,–ì–µ–Ω–Ω–∞–¥–∏–π,–ê—Ä–±–∏—Ç—Ä–∞–∂–Ω—ã–π —á–∞—Ç - DaddyAff,1385260727
5356,gerandrider,347100255,5.66589407199672e+18,Gerandrider,–ê—Ä–±–∏—Ç—Ä–∞–∂–Ω—ã–π —á–∞—Ç - DaddyAff,1385260727
5358,Gramm4ikov_05,785132716,9.080925043551588e+18,üòé Gramm,–ê—Ä–±–∏—Ç—Ä–∞–∂–Ω—ã–π —á–∞—Ç - DaddyAff,1385260727
5361,stannnw,5545679842,-8.48625339794535e+18,Glick,–ê—Ä–±–∏—Ç—Ä–∞–∂–Ω—ã–π —á–∞—Ç - DaddyAff,1385260727
5362,stefangoldstory,5077102181,3.5618614174910776e+18,Stefan Gold_story,–ê—Ä–±–∏—Ç—Ä–∞–∂–Ω—ã–π —á–∞—Ç - DaddyAff,1385260727
5363,gm_manager,594386108,-2.8939339955930783e+18,–ü–µ—Ç—è –í–∞—Å—é—à–∫–∏–Ω,–ê—Ä–±–∏—Ç—Ä–∞–∂–Ω—ã–π —á–∞—Ç - DaddyAff,1385260727
5364,greatEdward,5613993755,-9.102926698660716e+18,Margaret Edwards,–ê—Ä–±–∏—Ç—Ä–∞–∂–Ω—ã–π —á–∞—Ç - DaddyAff,1385260727
5365,skprofitov,5044699410,5.413235120705659e+18,G A,–ê—Ä–±–∏—Ç—Ä–∞–∂–Ω—ã–π —á–∞—Ç - DaddyAff,1385260727
5366,Grek1818,5745841407,8.627537693131315e+18,Grek ‚ìÇÔ∏è,–ê—Ä–±–∏—Ç—Ä–∞–∂–Ω—ã–π —á–∞—Ç - DaddyAff,1385260727
5367,angambling,1960433504,2.723822248094764e+17,An Gambling,–ê—Ä–±–∏—Ç—Ä–∞–∂–Ω—ã–π —á–∞—Ç - DaddyAff,1385260727
5368,Ghorseee,1857968221,8.862325703280083e+18,Ghorseee,–ê—Ä–±–∏—Ç—Ä–∞–∂–Ω—ã–π —á–∞—Ç - DaddyAff,1385260727
5370,ghhggrt,2065377062,-8.112548418818694e+18,–ü–µ—Ç—Ä–µ–Ω–∫–æ,–ê—Ä–±–∏—Ç—Ä–∞–∂–Ω—ã–π —á–∞—Ç - DaddyAff,1385260727
5371,geran_seo,5382744189,2.983709674071637e+18,–ì–†–ò–ì–û–†–ò–ô,–ê—Ä–±–∏—Ç—Ä–∞–∂–Ω—ã–π —á–∞—Ç - DaddyAff,1385260727
5372,Gros77707,5196637485,-3.5472502043298555e+18,Maks,–ê—Ä–±–∏—Ç—Ä–∞–∂–Ω—ã–π —á–∞—Ç - DaddyAff,1385260727
5373,citi_group,5734125465,8.032677029056382e+18,Citi Group,–ê—Ä–±–∏—Ç—Ä–∞–∂–Ω—ã–π —á–∞—Ç - DaddyAff,1385260727
5374,GLWIIL,1864223742,-2.604078521369335e+17,üá∫üá∏ Check My Bio,–ê—Ä–±–∏—Ç—Ä–∞–∂–Ω—ã–π —á–∞—Ç - DaddyAff,1385260727
5375,ge1id,467364318,1.4585226333374226e+18,üëÄ,–ê—Ä–±–∏—Ç—Ä–∞–∂–Ω—ã–π —á–∞—Ç - DaddyAff,1385260727
5376,genrihp2p,5186203014,-5.414454325435664e+18,–ì–µ–Ω—Ä–∏—Öüí∏,–ê—Ä–±–∏—Ç—Ä–∞–∂–Ω—ã–π —á–∞—Ç - DaddyAff,1385260727
5377,FB_SELLEER,5450752491,-2.204788718202604e+17,GG,–ê—Ä–±–∏—Ç—Ä–∞–∂–Ω—ã–π —á–∞—Ç - DaddyAff,1385260727
5378,cilanviemi19704a,2068530447,-5.847638816997943e+18,Google Accounts,–ê—Ä–±–∏—Ç—Ä–∞–∂–Ω—ã–π —á–∞—Ç - DaddyAff,1385260727
5379,Czen0,1533699518,5.897367864723145e+18,Google Accounts,–ê—Ä–±–∏—Ç—Ä–∞–∂–Ω—ã–π —á–∞—Ç - DaddyAff,1385260727
5380,ffffixxxx,5218886601,1.932050799849352e+18,Cod,–ê—Ä–±–∏—Ç—Ä–∞–∂–Ω—ã–π —á–∞—Ç - DaddyAff,1385260727
5381,Evolt_fxx,5890052712,-8.407813531263779e+18,Evolt,–ê—Ä–±–∏—Ç—Ä–∞–∂–Ω—ã–π —á–∞—Ç - DaddyAff,1385260727
5382,Evollt_fx,5712504809,6.345913108927352e+18,Evolt,–ê—Ä–±–∏—Ç—Ä–∞–∂–Ω—ã–π —á–∞—Ç - DaddyAff,1385260727
5383,danilfet,5453174473,-1.2640891903785808e+17,Danil Felt,–ê—Ä–±–∏—Ç—Ä–∞–∂–Ω—ã–π —á–∞—Ç - DaddyAff,1385260727
5385,Fukoff777,5772685015,-5.840652190310376e+18,–°–∞–Ω—å–æ–∫ ....,–ê—Ä–±–∏—Ç—Ä–∞–∂–Ω—ã–π —á–∞—Ç - DaddyAff,1385260727
5386,foxaraaa,391884239,8.925041829179245e+16,–ê—Ä—Ç–µ–º –ü—Ä–∏—Å—è–∂–Ω—é–∫,–ê—Ä–±–∏—Ç—Ä–∞–∂–Ω—ã–π —á–∞—Ç - DaddyAff,1385260727
5389,egor_fb_acc,5401868721,-1.7190483221713664e+18,Egor,–ê—Ä–±–∏—Ç—Ä–∞–∂–Ω—ã–π —á–∞—Ç - DaddyAff,1385260727
5390,arenda_farm_fb,2005344142,4.873835411457227e+18,–ê—Ä–µ–Ω–¥–∞ –∞–∫–∫–∞—É–Ω—Ç–æ–≤ Facebook ü§ù,–ê—Ä–±–∏—Ç—Ä–∞–∂–Ω—ã–π —á–∞—Ç - DaddyAff,1385260727
5391,f0000000001,1870439125,2.022725207882632e+18,F01,–ê—Ä–±–∏—Ç—Ä–∞–∂–Ω—ã–π —á–∞—Ç - DaddyAff,1385260727
5392,ferrum13,1214667868,8.309786727507456e+18,–ü–µ—Ç—Ä –ö–æ—Ç,–ê—Ä–±–∏—Ç—Ä–∞–∂–Ω—ã–π —á–∞—Ç - DaddyAff,1385260727
5393,fireball77,5781310765,-8.958806616173677e+18,–§–∞–µ—Ä,–ê—Ä–±–∏—Ç—Ä–∞–∂–Ω—ã–π —á–∞—Ç - DaddyAff,1385260727
5394,foxsik0,5376211467,-8.417510140896139e+18,FOXSIK,–ê—Ä–±–∏—Ç—Ä–∞–∂–Ω—ã–π —á–∞—Ç - DaddyAff,1385260727
5395,alonzahhhha,5882731945,2.684241028220244e+18,Fast Fourier,–ê—Ä–±–∏—Ç—Ä–∞–∂–Ω—ã–π —á–∞—Ç - DaddyAff,1385260727
5396,asmir_fa,5581582906,-7.222822871244835e+18,Derst,–ê—Ä–±–∏—Ç—Ä–∞–∂–Ω—ã–π —á–∞—Ç - DaddyAff,1385260727
5397,farmer111,5696005465,-8.29133795246063e+18,Farmer111,–ê—Ä–±–∏—Ç—Ä–∞–∂–Ω—ã–π —á–∞—Ç - DaddyAff,1385260727
5398,freezarrow,486104767,5.399860193687224e+18,.,–ê—Ä–±–∏—Ç—Ä–∞–∂–Ω—ã–π —á–∞—Ç - DaddyAff,1385260727
5399,Faest78,5934659118,-6.699582141455183e+18,CRYPTO,–ê—Ä–±–∏—Ç—Ä–∞–∂–Ω—ã–π —á–∞—Ç - DaddyAff,1385260727
5400,fb_arbit,5013784186,-2.128951943057796e+18,–°—Ç–∞–Ω–∏—Å–ª–∞–≤ –ê–Ω—Ç–∏–ø–æ–≤,–ê—Ä–±–∏—Ç—Ä–∞–∂–Ω—ã–π —á–∞—Ç - DaddyAff,1385260727
5401,Crypto_fdw,5397803384,8.928994293138686e+18,–∫—É,–ê—Ä–±–∏—Ç—Ä–∞–∂–Ω—ã–π —á–∞—Ç - DaddyAff,1385260727
5402,FBSKUPBR0,1468128098,-6.42181840026581e+18,CryptoFin | –ê–∫—Ç–∏–≤–Ω–æ —Å–∫—É–ø–∞—é,–ê—Ä–±–∏—Ç—Ä–∞–∂–Ω—ã–π —á–∞—Ç - DaddyAff,1385260727
5403,Fenry77712,5612226089,-7.437917162724226e+18,Fenry,–ê—Ä–±–∏—Ç—Ä–∞–∂–Ω—ã–π —á–∞—Ç - DaddyAff,1385260727
5404,binmecom,5966062748,-6.884802372028141e+18,Fantom,–ê—Ä–±–∏—Ç—Ä–∞–∂–Ω—ã–π —á–∞—Ç - DaddyAff,1385260727
5405,Drift_F23,5550380174,-2.037837656990918e+17,Andry,–ê—Ä–±–∏—Ç—Ä–∞–∂–Ω—ã–π —á–∞—Ç - DaddyAff,1385260727
5406,fusori,1551947013,6.255239648389539e+18,Andrey Dmitrienko,–ê—Ä–±–∏—Ç—Ä–∞–∂–Ω—ã–π —á–∞—Ç - DaddyAff,1385260727
5407,flint0001,1865766201,1.2586454845342336e+18,flint,–ê—Ä–±–∏—Ç—Ä–∞–∂–Ω—ã–π —á–∞—Ç - DaddyAff,1385260727
5408,ekaterina_facebook,5347929257,2.6678111585335624e+18,–ï–∫–∞—Ç–µ—Ä–∏–Ω–∞,–ê—Ä–±–∏—Ç—Ä–∞–∂–Ω—ã–π —á–∞—Ç - DaddyAff,1385260727
5409,FBzonashop,1194451235,-9.155956969621828e+18,fbzona,–ê—Ä–±–∏—Ç—Ä–∞–∂–Ω—ã–π —á–∞—Ç - DaddyAff,1385260727
5410,fargottt,1931709707,-7.921374264323125e+18,Fargot,–ê—Ä–±–∏—Ç—Ä–∞–∂–Ω—ã–π —á–∞—Ç - DaddyAff,1385260727
5411,furiania,5839522443,5.994073299068453e+18,–ù–∏–∫–∏—Ç–∞ –í–æ—Ä–æ–Ω—Ü–æ–≤,–ê—Ä–±–∏—Ç—Ä–∞–∂–Ω—ã–π —á–∞—Ç - DaddyAff,1385260727
5412,Flabbiest_2032,5134155901,3.718886423251476e+18,–≠–≤—Ä–∏–∫–∞.–ö—Ä–µ–∞—Ç–∏–≤—ã,–ê—Ä–±–∏—Ç—Ä–∞–∂–Ω—ã–π —á–∞—Ç - DaddyAff,1385260727
5413,farmsconsole,1100519310,-2.7087375730579174e+18,Den farm console,–ê—Ä–±–∏—Ç—Ä–∞–∂–Ω—ã–π —á–∞—Ç - DaddyAff,1385260727
5414,FG_account,5504598556,-1.3057418014003067e+18,FG Accounts,–ê—Ä–±–∏—Ç—Ä–∞–∂–Ω—ã–π —á–∞—Ç - DaddyAff,1385260727
5415,firstonel,5938309998,-3.4465547172144886e+18,–í–∏—Ç–∞–ª–∏–π,–ê—Ä–±–∏—Ç—Ä–∞–∂–Ω—ã–π —á–∞—Ç - DaddyAff,1385260727
5416,dsiling,831236877,3.9322376818017695e+18,Feels,–ê—Ä–±–∏—Ç—Ä–∞–∂–Ω—ã–π —á–∞—Ç - DaddyAff,1385260727
5418,Alexandr_fb,1876238795,-1.8314543834459244e+18,Alex,–ê—Ä–±–∏—Ç—Ä–∞–∂–Ω—ã–π —á–∞—Ç - DaddyAff,1385260727
5419,fcq01,1063552708,8.191187905648339e+18,ü¶´,–ê—Ä–±–∏—Ç—Ä–∞–∂–Ω—ã–π —á–∞—Ç - DaddyAff,1385260727
5420,fancher1,1183912994,4.23628225866762e+18,–î–∞–Ω–∏–∏–ª,–ê—Ä–±–∏—Ç—Ä–∞–∂–Ω—ã–π —á–∞—Ç - DaddyAff,1385260727
5421,FocusStudio,1572713534,-8.288028296564446e+18,Focus –°–û–ß–ù–´–ï –ö–†–ï–ê–¢–ò–í–´,–ê—Ä–±–∏—Ç—Ä–∞–∂–Ω—ã–π —á–∞—Ç - DaddyAff,1385260727
5422,Danny_FBtraff,5462412494,-3.811068032474824e+18,Danny,–ê—Ä–±–∏—Ç—Ä–∞–∂–Ω—ã–π —á–∞—Ç - DaddyAff,1385260727
5423,Flashersu,5587489131,1.6488092959945236e+18,Flasher üéû,–ê—Ä–±–∏—Ç—Ä–∞–∂–Ω—ã–π —á–∞—Ç - DaddyAff,1385260727
5424,Anton_Fomenko2005,911351178,-4.583362436086399e+18,–ê–Ω—Ç–æ–Ω –§–æ–º–µ–Ω–∫–æ,–ê—Ä–±–∏—Ç—Ä–∞–∂–Ω—ã–π —á–∞—Ç - DaddyAff,1385260727
5426,fannie_egfudj534,5459551613,-6.469397269918482e+18,Augusta Calvo,–ê—Ä–±–∏—Ç—Ä–∞–∂–Ω—ã–π —á–∞—Ç - DaddyAff,1385260727
5428,Faki67,5754113846,-7.234494540859097e+18,–ï–≥–æ—Ä –°–æ–±–æ–ª–µ–≤,–ê—Ä–±–∏—Ç—Ä–∞–∂–Ω—ã–π —á–∞—Ç - DaddyAff,1385260727
5430,ffuufuuu,1866223142,3.605133852407505e+18,–ï–≤–≥–µ–Ω–∏–π,–ê—Ä–±–∏—Ç—Ä–∞–∂–Ω—ã–π —á–∞—Ç - DaddyAff,1385260727
5432,fck_code,5704253156,-7.862262011498896e+18,fck,–ê—Ä–±–∏—Ç—Ä–∞–∂–Ω—ã–π —á–∞—Ç - DaddyAff,1385260727
5433,federico_shop,1999452022,1.6478196242104136e+18,üÖµüÖ¥üÖ≥üÖ¥üÜÅüÖ∏üÖ≤üÖæ,–ê—Ä–±–∏—Ç—Ä–∞–∂–Ω—ã–π —á–∞—Ç - DaddyAff,1385260727
5434,faniiakd,5413289275,-1.0499068467322244e+18,Fani,–ê—Ä–±–∏—Ç—Ä–∞–∂–Ω—ã–π —á–∞—Ç - DaddyAff,1385260727
5436,fbsellverf,1614007694,-2.9275982092646564e+18,–ú–∞–∫—Å –§–ë,–ê—Ä–±–∏—Ç—Ä–∞–∂–Ω—ã–π —á–∞—Ç - DaddyAff,1385260727
5437,account8473,5727694768,7.535634418866745e+18,accounts fb,–ê—Ä–±–∏—Ç—Ä–∞–∂–Ω—ã–π —á–∞—Ç - DaddyAff,1385260727
5438,facebooktrastakk,1526253426,9.101035138635036e+18,–ú–∞–∫—Å–∏–º,–ê—Ä–±–∏—Ç—Ä–∞–∂–Ω—ã–π —á–∞—Ç - DaddyAff,1385260727
5439,bm_farm,912638409,-1.381583502422364e+17,Facebook Business - BM üë®‚Äçüíª,–ê—Ä–±–∏—Ç—Ä–∞–∂–Ω—ã–π —á–∞—Ç - DaddyAff,1385260727
5440,cudykhyrowu10,5677070283,-2.9774908300765727e+18,akk-fb.shop,–ê—Ä–±–∏—Ç—Ä–∞–∂–Ω—ã–π —á–∞—Ç - DaddyAff,1385260727
5441,sfly23,554509332,-4.766997780694131e+18,Fly,–ê—Ä–±–∏—Ç—Ä–∞–∂–Ω—ã–π —á–∞—Ç - DaddyAff,1385260727
5442,fyjelyc6,5477021761,5.759296690028506e+17,Darrin,–ê—Ä–±–∏—Ç—Ä–∞–∂–Ω—ã–π —á–∞—Ç - DaddyAff,1385260727
5443,fad_2277,1953139182,-1.3935171774945178e+18,–ì–µ–æ—Ä–≥–∏–π Fad,–ê—Ä–±–∏—Ç—Ä–∞–∂–Ω—ã–π —á–∞—Ç - DaddyAff,1385260727
5445,foltz68,5796681298,-1.5573858280706445e+18,Est,–ê—Ä–±–∏—Ç—Ä–∞–∂–Ω—ã–π —á–∞—Ç - DaddyAff,1385260727
5446,fbkila,5685608556,7.062476006340649e+18,–ú–∞–∫—Å,–ê—Ä–±–∏—Ç—Ä–∞–∂–Ω—ã–π —á–∞—Ç - DaddyAff,1385260727
5447,fsddfdsfsfdsf,5492610274,5.483197791184795e+18,dfad fsdf,–ê—Ä–±–∏—Ç—Ä–∞–∂–Ω—ã–π —á–∞—Ç - DaddyAff,1385260727
5448,manager_firsrsh,5645132356,-7.197258323287922e+18,–ö–æ–Ω—Å—Ça–Ω—Ç–∏–Ω,–ê—Ä–±–∏—Ç—Ä–∞–∂–Ω—ã–π —á–∞—Ç - DaddyAff,1385260727
5450,datingfarm,5531249409,-8.342046728479289e+18,Date Farm,–ê—Ä–±–∏—Ç—Ä–∞–∂–Ω—ã–π —á–∞—Ç - DaddyAff,1385260727
5451,Ben_den_Fb,1970223366,-5.915826930635644e+18,Ben Den,–ê—Ä–±–∏—Ç—Ä–∞–∂–Ω—ã–π —á–∞—Ç - DaddyAff,1385260727
5452,manager_fb_first_shop,5778291552,4.742880635934556e+18,–Æ—Ä–∏–π,–ê—Ä–±–∏—Ç—Ä–∞–∂–Ω—ã–π —á–∞—Ç - DaddyAff,1385260727
5453,Albert_fovoritov,1674496359,7.118394272141505e+18,–ê–ª—å–±–µ—Ä—Ç –§–∞–≤–æ—Ä–∏—Ç–æ–≤,–ê—Ä–±–∏—Ç—Ä–∞–∂–Ω—ã–π —á–∞—Ç - DaddyAff,1385260727
5454,mr_mikewaz,2051736849,3.973726580309389e+18,Frankie,–ê—Ä–±–∏—Ç—Ä–∞–∂–Ω—ã–π —á–∞—Ç - DaddyAff,1385260727
5455,fisherman661,5513864673,-8.534081774800444e+18,üÑµüÑ∏üÖÇüÑ∑üÑ¥üÖÅüÑºüÑ∞üÑΩ,–ê—Ä–±–∏—Ç—Ä–∞–∂–Ω—ã–π —á–∞—Ç - DaddyAff,1385260727
5457,FB_ARB03,305238963,-5.773257018956673e+18,Alex,–ê—Ä–±–∏—Ç—Ä–∞–∂–Ω—ã–π —á–∞—Ç - DaddyAff,1385260727
5459,Francis_Sinatra,806140085,5.7953379175957e+17,–§—Ä—ç–Ω–∫ üé∑ –°–∏–Ω–∞—Ç—Ä–∞,–ê—Ä–±–∏—Ç—Ä–∞–∂–Ω—ã–π —á–∞—Ç - DaddyAff,1385260727
5461,formafrm,1709362435,6.34987969644449e+18,S1,–ê—Ä–±–∏—Ç—Ä–∞–∂–Ω—ã–π —á–∞—Ç - DaddyAff,1385260727
5462,farmfamily_support,1683789279,-2.6504208320727265e+18,Family Farm,–ê—Ä–±–∏—Ç—Ä–∞–∂–Ω—ã–π —á–∞—Ç - DaddyAff,1385260727
5463,Click_Fromlan,5297667545,6.909680669580305e+18,Mutra,–ê—Ä–±–∏—Ç—Ä–∞–∂–Ω—ã–π —á–∞—Ç - DaddyAff,1385260727
5464,Fedorova1969,5280233863,-1.1950432662721792e+18,–í–ª–∞–¥–∏—Å–ª–∞–≤–∞ –§—ë–¥–æ—Ä–æ–≤–∞,–ê—Ä–±–∏—Ç—Ä–∞–∂–Ω—ã–π —á–∞—Ç - DaddyAff,1385260727
5465,Fliom,5320423538,7.96395468626058e+18,–ò–≤–∞–Ω,–ê—Ä–±–∏—Ç—Ä–∞–∂–Ω—ã–π —á–∞—Ç - DaddyAff,1385260727
5466,FBsuck,1437365416,2.5365127788232765e+18,Diogen,–ê—Ä–±–∏—Ç—Ä–∞–∂–Ω—ã–π —á–∞—Ç - DaddyAff,1385260727
5467,Frinopp,1991673969,6.701482295269348e+18,Bj,–ê—Ä–±–∏—Ç—Ä–∞–∂–Ω—ã–π —á–∞—Ç - DaddyAff,1385260727
5468,fermach_cu0m,5345767585,-2.6286017765418194e+18,ferma FB,–ê—Ä–±–∏—Ç—Ä–∞–∂–Ω—ã–π —á–∞—Ç - DaddyAff,1385260727
5469,AAASSSLLLAAANNN,1934435822,4.458931783276093e+18,–°oraggio & Fortuna,–ê—Ä–±–∏—Ç—Ä–∞–∂–Ω—ã–π —á–∞—Ç - DaddyAff,1385260727
5470,FarmGoogle_5,5593743797,-5.518008826562836e+18,Google Ads,–ê—Ä–±–∏—Ç—Ä–∞–∂–Ω—ã–π —á–∞—Ç - DaddyAff,1385260727
5471,fshnsmbssn,5561755589,8.978406949484402e+18,–ê–Ω—Ç–æ–Ω –õ–∏—Ö–∏–Ω,–ê—Ä–±–∏—Ç—Ä–∞–∂–Ω—ã–π —á–∞—Ç - DaddyAff,1385260727
5472,missfoxxyy,5570240039,8.263343368321507e+18,Fox,–ê—Ä–±–∏—Ç—Ä–∞–∂–Ω—ã–π —á–∞—Ç - DaddyAff,1385260727
5473,Froollllloov,5198083276,5.773216686759125e+18,Manyy,–ê—Ä–±–∏—Ç—Ä–∞–∂–Ω—ã–π —á–∞—Ç - DaddyAff,1385260727
5474,eskobarbbq,5901272669,3.879427490398384e+18,–≠—Å–∫–æ–±–∞—Ä,–ê—Ä–±–∏—Ç—Ä–∞–∂–Ω—ã–π —á–∞—Ç - DaddyAff,1385260727
5475,egggpet,982202778,2.301324932012775e+18,...,–ê—Ä–±–∏—Ç—Ä–∞–∂–Ω—ã–π —á–∞—Ç - DaddyAff,1385260727
5476,ermaNFT,5534755509,2.484982468827637e+18,–î–µ–Ω–∏—Å –ï—Ä–º–∞–∫–æ–≤,–ê—Ä–±–∏—Ç—Ä–∞–∂–Ω—ã–π —á–∞—Ç - DaddyAff,1385260727
5477,essentialist77,907061927,-8.97480595722121e+18,–î—ñ–º–∞,–ê—Ä–±–∏—Ç—Ä–∞–∂–Ω—ã–π —á–∞—Ç - DaddyAff,1385260727
5478,ernjunior,5492095908,-6.415618264808385e+18,–î–∏–º–∞,–ê—Ä–±–∏—Ç—Ä–∞–∂–Ω—ã–π —á–∞—Ç - DaddyAff,1385260727
5479,David_Eru,5556920129,1.3244078851174707e+18,David A,–ê—Ä–±–∏—Ç—Ä–∞–∂–Ω—ã–π —á–∞—Ç - DaddyAff,1385260727
5480,enot247,5431745966,-5.394868803371212e+18,ENOT 24/7,–ê—Ä–±–∏—Ç—Ä–∞–∂–Ω—ã–π —á–∞—Ç - DaddyAff,1385260727
5481,ekatvacs,5408028813,-4.316126119078997e+18,–ï–∫–∞—Ç –í–∞—Å,–ê—Ä–±–∏—Ç—Ä–∞–∂–Ω—ã–π —á–∞—Ç - DaddyAff,1385260727
5482,EmmaB0,5922147195,-7.858133650931761e+18,Anri,–ê—Ä–±–∏—Ç—Ä–∞–∂–Ω—ã–π —á–∞—Ç - DaddyAff,1385260727
5483,eee66c,5899544255,-5.221888600818686e+18,CRYPTO,–ê—Ä–±–∏—Ç—Ä–∞–∂–Ω—ã–π —á–∞—Ç - DaddyAff,1385260727
5484,eremoma1,5897057853,-9.014109663843184e+18,–î–∞–Ω–∏–∏–ª –°—Ç–∞—Ä–æ—Å—Ç–∏–Ω,–ê—Ä–±–∏—Ç—Ä–∞–∂–Ω—ã–π —á–∞—Ç - DaddyAff,1385260727
5486,elkins_1897,5618705598,7.731331427095817e+18,–í–∞—Ö–æ–± –ë–æ–≥–æ—Ä–∞–¥–Ω–æ–≤,–ê—Ä–±–∏—Ç—Ä–∞–∂–Ω—ã–π —á–∞—Ç - DaddyAff,1385260727
5487,EScSaNTa,1975180128,3.489265111709568e+18,–ù–∞—Å—Ç—è –ò–≤–∞–Ω–æ–≤–∞,–ê—Ä–±–∏—Ç—Ä–∞–∂–Ω—ã–π —á–∞—Ç - DaddyAff,1385260727
5488,ASD_EUS,5211253430,-1.0450529671021786e+18,ASD,–ê—Ä–±–∏—Ç—Ä–∞–∂–Ω—ã–π —á–∞—Ç - DaddyAff,1385260727
5489,EndVo1,491233076,3.247894740443398e+18,–í–ª–∞–¥–∏–º–∏—Ä,–ê—Ä–±–∏—Ç—Ä–∞–∂–Ω—ã–π —á–∞—Ç - DaddyAff,1385260727
5490,eu35uskov,5923318985,1.3227143171762168e+18,Eugene,–ê—Ä–±–∏—Ç—Ä–∞–∂–Ω—ã–π —á–∞—Ç - DaddyAff,1385260727
5491,chekawww,1493186913,8.017630832129047e+18,Evgeniy Evgeniy,–ê—Ä–±–∏—Ç—Ä–∞–∂–Ω—ã–π —á–∞—Ç - DaddyAff,1385260727
5492,EggNutSiy,856410769,2.870745770801482e+18,–ò–≥–Ω–∞—Ç,–ê—Ä–±–∏—Ç—Ä–∞–∂–Ω—ã–π —á–∞—Ç - DaddyAff,1385260727
5493,esliti,136903514,-9.031384743353576e+18,–ö—Ç–æ –≠—Ç–æ,–ê—Ä–±–∏—Ç—Ä–∞–∂–Ω—ã–π —á–∞—Ç - DaddyAff,1385260727
5494,dEvtshnk,5108808372,3.5858185952606177e+18,Dmytro Evtyshenko,–ê—Ä–±–∏—Ç—Ä–∞–∂–Ω—ã–π —á–∞—Ç - DaddyAff,1385260727
5495,ENQTveriff,5034865375,-4.782521082545232e+18,ü¶ùENOTü¶ù –†–∞–±–æ—Ç–∞—é,–ê—Ä–±–∏—Ç—Ä–∞–∂–Ω—ã–π —á–∞—Ç - DaddyAff,1385260727
5496,evachkab,5018546965,6.411028023815791e+17,–ï–≤–∏–∫,–ê—Ä–±–∏—Ç—Ä–∞–∂–Ω—ã–π —á–∞—Ç - DaddyAff,1385260727
5498,Elizaveta_67ziz,5687954584,5.913006312251449e+18,–ï–ª–∏–∑–∞–≤–µ—Ç–∞ –ü–µ—Ä–º–∏–Ω–æ–≤–∞,–ê—Ä–±–∏—Ç—Ä–∞–∂–Ω—ã–π —á–∞—Ç - DaddyAff,1385260727
5500,ezhadikhoq6,5296257111,1.4363674635832645e+18,–≠–≤—Ä–∏–∫–∞.–ö—Ä–µ–∞—Ç–∏–≤—ã,–ê—Ä–±–∏—Ç—Ä–∞–∂–Ω—ã–π —á–∞—Ç - DaddyAff,1385260727
5501,Erik_7676,5020035126,-4.769870282746628e+18,Erick,–ê—Ä–±–∏—Ç—Ä–∞–∂–Ω—ã–π —á–∞—Ç - DaddyAff,1385260727
5502,Eg_Cs,296393973,4.630085956872409e+18,E. C.,–ê—Ä–±–∏—Ç—Ä–∞–∂–Ω—ã–π —á–∞—Ç - DaddyAff,1385260727
5503,arkasha_euro,1451517702,-2.2468368044667827e+18,ARKASHA,–ê—Ä–±–∏—Ç—Ä–∞–∂–Ω—ã–π —á–∞—Ç - DaddyAff,1385260727
5505,egorstvbn,1778686282,2.303131834200692e+18,Egor,–ê—Ä–±–∏—Ç—Ä–∞–∂–Ω—ã–π —á–∞—Ç - DaddyAff,1385260727
5506,eqwass,5798837259,3.0522692920881075e+18,–ï–≥–æ—Ä,–ê—Ä–±–∏—Ç—Ä–∞–∂–Ω—ã–π —á–∞—Ç - DaddyAff,1385260727
5507,evi_mash,5601009358,-2.1258501292621967e+18,Evelinmash,–ê—Ä–±–∏—Ç—Ä–∞–∂–Ω—ã–π —á–∞—Ç - DaddyAff,1385260727
5509,emilbagryet,5745560328,-3.0493954078603704e+18,–≠–º–∏–ª—å,–ê—Ä–±–∏—Ç—Ä–∞–∂–Ω—ã–π —á–∞—Ç - DaddyAff,1385260727
5513,easy_cloud,554889335,5.814866616745774e+18,Mr Chance,–ê—Ä–±–∏—Ç—Ä–∞–∂–Ω—ã–π —á–∞—Ç - DaddyAff,1385260727
5514,evgenmosk,365368325,2.6521908489104422e+17,Evgeniy M,–ê—Ä–±–∏—Ç—Ä–∞–∂–Ω—ã–π —á–∞—Ç - DaddyAff,1385260727
5515,eugene822,1607936204,-8.934978340823291e+18,Eugene,–ê—Ä–±–∏—Ç—Ä–∞–∂–Ω—ã–π —á–∞—Ç - DaddyAff,1385260727
5516,escabaro,5481161514,-3.834513162118245e+18,Escabaro 24/7,–ê—Ä–±–∏—Ç—Ä–∞–∂–Ω—ã–π —á–∞—Ç - DaddyAff,1385260727
5517,evgeniy_arb,5766802029,-6.490946433991977e+17,–ï–≤–≥–µ–Ω–∏–π –ú–∞—Ä–∫–µ—Ç–∏–Ω–≥/–ê—Ä–±–∏—Ç—Ä–∞–∂/–ü—Ä–æ–¥–≤–∏–∂–µ–Ω–∏–µ,–ê—Ä–±–∏—Ç—Ä–∞–∂–Ω—ã–π —á–∞—Ç - DaddyAff,1385260727
5518,Eonoleg,5509779319,-7.586400083539696e+18,–û–ª–µ–≥ –õ–µ–æ–Ω–æ–≤,–ê—Ä–±–∏—Ç—Ä–∞–∂–Ω—ã–π —á–∞—Ç - DaddyAff,1385260727
5519,evelinna_a,1977660760,2.228919555000731e+18,Evelina,–ê—Ä–±–∏—Ç—Ä–∞–∂–Ω—ã–π —á–∞—Ç - DaddyAff,1385260727
5520,Eugeneaffiliate,5518702649,-3.405245743787021e+17,Eugene Affiliate,–ê—Ä–±–∏—Ç—Ä–∞–∂–Ω—ã–π —á–∞—Ç - DaddyAff,1385260727
5521,Emmett_Browne,5465604654,3.4385810649868006e+18,–î–∂–µ–∫ –ü–æ—Ç—Ä–æ—à–∏—Ç–µ–ª—å,–ê—Ä–±–∏—Ç—Ä–∞–∂–Ω—ã–π —á–∞—Ç - DaddyAff,1385260727
5522,endruus_s,865329294,2.7799560538353966e+18,Andrey_üë®‚Äçüíª,–ê—Ä–±–∏—Ç—Ä–∞–∂–Ω—ã–π —á–∞—Ç - DaddyAff,1385260727
5523,EZperforming,845263133,4.418179191085668e+18,–ú–∞–∫—Å–∏–º,–ê—Ä–±–∏—Ç—Ä–∞–∂–Ω—ã–π —á–∞—Ç - DaddyAff,1385260727
5524,Eefdcc,5581820420,6.05968690263078e+18,–ê–Ω–¥—Ä–µ–π,–ê—Ä–±–∏—Ç—Ä–∞–∂–Ω—ã–π —á–∞—Ç - DaddyAff,1385260727
5525,Ewa1439,5461467141,6.031211800909371e+18,–ï–≤–∞,–ê—Ä–±–∏—Ç—Ä–∞–∂–Ω—ã–π —á–∞—Ç - DaddyAff,1385260727
5526,eva_demo,5362460872,3.4889959933851725e+18,Eva,–ê—Ä–±–∏—Ç—Ä–∞–∂–Ω—ã–π —á–∞—Ç - DaddyAff,1385260727
5527,e_vasilevich,465257771,6.911182619057483e+18,–Ñ–≤–≥–µ–Ωüí∞ –í–∞—Å–∏–ª—å–æ–≤–∏—á,–ê—Ä–±–∏—Ç—Ä–∞–∂–Ω—ã–π —á–∞—Ç - DaddyAff,1385260727
5528,pablo33pablo,680253141,-3.7068866409473377e+18,Pablo Escobar,–ê—Ä–±–∏—Ç—Ä–∞–∂–Ω—ã–π —á–∞—Ç - DaddyAff,1385260727
5529,kavaler987,457995609,4.575104392723684e+17,eddyxss,–ê—Ä–±–∏—Ç—Ä–∞–∂–Ω—ã–π —á–∞—Ç - DaddyAff,1385260727
5530,edward_dinero,892440706,-5.485360679809911e+18,EDWARD,–ê—Ä–±–∏—Ç—Ä–∞–∂–Ω—ã–π —á–∞—Ç - DaddyAff,1385260727
5531,Surya_7428745,5108085699,-1.5175114822263875e+17,Elon Musk üöÄüöÄ Mollee,–ê—Ä–±–∏—Ç—Ä–∞–∂–Ω—ã–π —á–∞—Ç - DaddyAff,1385260727
5532,eduardo_smm,5060764698,6.091449719985164e+18,Eduardo,–ê—Ä–±–∏—Ç—Ä–∞–∂–Ω—ã–π —á–∞—Ç - DaddyAff,1385260727
5533,S_emen,215969964,4.943262294654756e+18,–°–µ–º–µ–Ω,–ê—Ä–±–∏—Ç—Ä–∞–∂–Ω—ã–π —á–∞—Ç - DaddyAff,1385260727
5534,s_edelstein,250790080,-3.2317477510556247e+18,Sergey,–ê—Ä–±–∏—Ç—Ä–∞–∂–Ω—ã–π —á–∞—Ç - DaddyAff,1385260727
5535,Ehisod84,285938145,-1.441592398842182e+18,Ehisod84,–ê—Ä–±–∏—Ç—Ä–∞–∂–Ω—ã–π —á–∞—Ç - DaddyAff,1385260727
5536,egorpalchun,308722513,-1.9914730062215465e+18,–ï–≥–æ—Ä –ü–∞–ª—å—á—É–Ω,–ê—Ä–±–∏—Ç—Ä–∞–∂–Ω—ã–π —á–∞—Ç - DaddyAff,1385260727
5537,Entrolme,507895332,6.474602054120259e+18,–ò–≥–æ—Ä—å,–ê—Ä–±–∏—Ç—Ä–∞–∂–Ω—ã–π —á–∞—Ç - DaddyAff,1385260727
5538,dvtsn,508955682,1.303672972846111e+18,Elizaveta,–ê—Ä–±–∏—Ç—Ä–∞–∂–Ω—ã–π —á–∞—Ç - DaddyAff,1385260727
5539,AntonEthereale,925153006,3.5703332362873926e+17,Anton Ethereal,–ê—Ä–±–∏—Ç—Ä–∞–∂–Ω—ã–π —á–∞—Ç - DaddyAff,1385260727
5540,coachyoug,1155982637,3.895487998772008e+18,Vladimir Efremov,–ê—Ä–±–∏—Ç—Ä–∞–∂–Ω—ã–π —á–∞—Ç - DaddyAff,1385260727
5541,KillepotatoesSM7,956507363,1.785376108936496e+18,Eye,–ê—Ä–±–∏—Ç—Ä–∞–∂–Ω—ã–π —á–∞—Ç - DaddyAff,1385260727
5542,Mr_Ezi,188458941,7.683515854576834e+18,Gassaman,–ê—Ä–±–∏—Ç—Ä–∞–∂–Ω—ã–π —á–∞—Ç - DaddyAff,1385260727
5543,efdesign,409326246,1.8304624754812367e+18,–ï–ª–µ–Ω–∞ ‚ñ≤ –í–µ–±–¥–∏–∑–∞–π–Ω ‚ñ≤ –ù–∞—Å—Ç–∞–≤–Ω–∏–∫ —Ñ—Ä–∏–ª–∞–Ω—Å–µ—Ä–æ–≤,–ê—Ä–±–∏—Ç—Ä–∞–∂–Ω—ã–π —á–∞—Ç - DaddyAff,1385260727
5544,eugenelgv,480141709,1.1412451891351309e+17,Eugene Mitchell,–ê—Ä–±–∏—Ç—Ä–∞–∂–Ω—ã–π —á–∞—Ç - DaddyAff,1385260727
5545,enginerig,615479797,-4.042742951571541e+18,alex,–ê—Ä–±–∏—Ç—Ä–∞–∂–Ω—ã–π —á–∞—Ç - DaddyAff,1385260727
5546,eagle888888,739512435,3.2416454882803026e+18,andrew,–ê—Ä–±–∏—Ç—Ä–∞–∂–Ω—ã–π —á–∞—Ç - DaddyAff,1385260727
5547,al_ex_rain,746002856,1.3406352958244524e+18,Alex Ray,–ê—Ä–±–∏—Ç—Ä–∞–∂–Ω—ã–π —á–∞—Ç - DaddyAff,1385260727
5548,eotov,978432338,4.076541318080569e+18,–ï–Ω–æ—Ç–æ–≤,–ê—Ä–±–∏—Ç—Ä–∞–∂–Ω—ã–π —á–∞—Ç - DaddyAff,1385260727
5549,archi_movse,1179915762,-6.972609042085135e+18,Edgar,–ê—Ä–±–∏—Ç—Ä–∞–∂–Ω—ã–π —á–∞—Ç - DaddyAff,1385260727
5550,valeryegorovt,1269298903,3.9460817452335606e+18,Valery Egorov,–ê—Ä–±–∏—Ç—Ä–∞–∂–Ω—ã–π —á–∞—Ç - DaddyAff,1385260727
5551,safaroveldarw,1320026030,1.798661235801786e+18,Eldar Safarov,–ê—Ä–±–∏—Ç—Ä–∞–∂–Ω—ã–π —á–∞—Ç - DaddyAff,1385260727
5552,AlexYspeh,1730472302,8.933093791261293e+18,Elena Novikov–∞,–ê—Ä–±–∏—Ç—Ä–∞–∂–Ω—ã–π —á–∞—Ç - DaddyAff,1385260727
5553,evgesfbest,1306473682,5.260944419928681e+18,Evgeniy Popov,–ê—Ä–±–∏—Ç—Ä–∞–∂–Ω—ã–π —á–∞—Ç - DaddyAff,1385260727
5554,CreoMaker,1851757385,-7.064557779217512e+18,Effect,–ê—Ä–±–∏—Ç—Ä–∞–∂–Ω—ã–π —á–∞—Ç - DaddyAff,1385260727
5555,elecrtosoul,502591415,-8.94405298136475e+18,Electro Soul,–ê—Ä–±–∏—Ç—Ä–∞–∂–Ω—ã–π —á–∞—Ç - DaddyAff,1385260727
5556,smorth20,842327114,-2.682268759509838e+18,Sergey Evgenyevich,–ê—Ä–±–∏—Ç—Ä–∞–∂–Ω—ã–π —á–∞—Ç - DaddyAff,1385260727
5558,eterind,1851918870,-3.029693302784268e+18,Gummy,–ê—Ä–±–∏—Ç—Ä–∞–∂–Ω—ã–π —á–∞—Ç - DaddyAff,1385260727
5559,easyibraa,166568884,-2.552230511035408e+18,R B,–ê—Ä–±–∏—Ç—Ä–∞–∂–Ω—ã–π —á–∞—Ç - DaddyAff,1385260727
5560,egor_3201,1975459723,-8.288076240861279e+17,–ï–≥–æ—Ä –ú–∏–Ω–µ–≤—Å–∫–∏–π,–ê—Ä–±–∏—Ç—Ä–∞–∂–Ω—ã–π —á–∞—Ç - DaddyAff,1385260727
5561,Elena_Markinaa,307464589,6.48419507756624e+17,–ï–ª–µ–Ω–∞ –ú–∞—Ä–∫–∏–Ω–∞,–ê—Ä–±–∏—Ç—Ä–∞–∂–Ω—ã–π —á–∞—Ç - DaddyAff,1385260727
5562,eclypsellc,431400723,-5.092786619904104e+18,Denys Maiorskyi,–ê—Ä–±–∏—Ç—Ä–∞–∂–Ω—ã–π —á–∞—Ç - DaddyAff,1385260727
5563,ek812,702125658,5.13499825544434e+18,Lena,–ê—Ä–±–∏—Ç—Ä–∞–∂–Ω—ã–π —á–∞—Ç - DaddyAff,1385260727
5564,empl_r,745909100,7.649514840103009e+18,Employer üá¶üá∫,–ê—Ä–±–∏—Ç—Ä–∞–∂–Ω—ã–π —á–∞—Ç - DaddyAff,1385260727
5565,AL_Evhach,841406571,7.151126078861247e+18,–ê–ª–µ–∫—Å–∞–Ω–¥—Ä –ï–≤—Ö–∞—á,–ê—Ä–±–∏—Ç—Ä–∞–∂–Ω—ã–π —á–∞—Ç - DaddyAff,1385260727
5566,my_excuses,1656269931,8.240991312740397e+17,my excuses,–ê—Ä–±–∏—Ç—Ä–∞–∂–Ω—ã–π —á–∞—Ç - DaddyAff,1385260727
5567,Exeded,2074264062,-3.274414824178736e+18,Ex01,–ê—Ä–±–∏—Ç—Ä–∞–∂–Ω—ã–π —á–∞—Ç - DaddyAff,1385260727
5568,el_pasomg,1251534567,-2.910014567819351e+18,El.Paso,–ê—Ä–±–∏—Ç—Ä–∞–∂–Ω—ã–π —á–∞—Ç - DaddyAff,1385260727
5569,exxxmo,156147704,2.601746810702984e+18,exxxmo,–ê—Ä–±–∏—Ç—Ä–∞–∂–Ω—ã–π —á–∞—Ç - DaddyAff,1385260727
5570,energy218,197309832,-8.57990657423728e+16,–Æ –ë,–ê—Ä–±–∏—Ç—Ä–∞–∂–Ω—ã–π —á–∞—Ç - DaddyAff,1385260727
5571,bananovaya77,396481106,-7.819569220487296e+18,Emi Lee,–ê—Ä–±–∏—Ç—Ä–∞–∂–Ω—ã–π —á–∞—Ç - DaddyAff,1385260727
5572,rico1990f,454709098,-2.7820909351394063e+18,eprste,–ê—Ä–±–∏—Ç—Ä–∞–∂–Ω—ã–π —á–∞—Ç - DaddyAff,1385260727
5573,Roman_Elis,554681621,5.537832348827466e+18,–†–æ–º–∞–Ω,–ê—Ä–±–∏—Ç—Ä–∞–∂–Ω—ã–π —á–∞—Ç - DaddyAff,1385260727
5574,Evhenii_design,613488092,6.801958746014777e+18,–ï–≤–≥–µ–Ω–∏–π,–ê—Ä–±–∏—Ç—Ä–∞–∂–Ω—ã–π —á–∞—Ç - DaddyAff,1385260727
5575,Et6rnal_Admin,662718119,6.097695453902258e+17,Et6rnalLÕÉÃâÃíÕäÕäÕêÃéÃãÕ•ÕÉÃï_Admin (662718119),–ê—Ä–±–∏—Ç—Ä–∞–∂–Ω—ã–π —á–∞—Ç - DaddyAff,1385260727
5576,elkeklein,1085794251,7.129990197526907e+18,elk,–ê—Ä–±–∏—Ç—Ä–∞–∂–Ω—ã–π —á–∞—Ç - DaddyAff,1385260727
5577,evgshul,1089707684,3.97912933808317e+18,Evgeny,–ê—Ä–±–∏—Ç—Ä–∞–∂–Ω—ã–π —á–∞—Ç - DaddyAff,1385260727
5578,epbonus,1685509899,6.482544957627483e+18,–ó–£–ë–ù–ê–Ø –§–ï–Ø,–ê—Ä–±–∏—Ç—Ä–∞–∂–Ω—ã–π —á–∞—Ç - DaddyAff,1385260727
5579,rusalexandrov,229917102,6.983923939312586e+18,Evgeny Alexandrov,–ê—Ä–±–∏—Ç—Ä–∞–∂–Ω—ã–π —á–∞—Ç - DaddyAff,1385260727
5580,dukhninaev,255653920,-8.35072901422825e+18,Ekaterina Dukhnina,–ê—Ä–±–∏—Ç—Ä–∞–∂–Ω—ã–π —á–∞—Ç - DaddyAff,1385260727
5581,Ed_90,269953237,2.6021755633134464e+18,EK,–ê—Ä–±–∏—Ç—Ä–∞–∂–Ω—ã–π —á–∞—Ç - DaddyAff,1385260727
5582,Evgeniy_Stukov,287013512,-7.496655180631538e+18,Evgeniy Stukov,–ê—Ä–±–∏—Ç—Ä–∞–∂–Ω—ã–π —á–∞—Ç - DaddyAff,1385260727
5583,Skvozno_e,425845718,-8.474790024975656e+18,\bd/‚Äò,–ê—Ä–±–∏—Ç—Ä–∞–∂–Ω—ã–π —á–∞—Ç - DaddyAff,1385260727
5584,EpoSer,453151538,9.180896449050028e+18,–Ø—Ä–æ—Å–ª–∞–≤ –ü–µ—Ä—Å,–ê—Ä–±–∏—Ç—Ä–∞–∂–Ω—ã–π —á–∞—Ç - DaddyAff,1385260727
5585,EricStar4,485014487,9.48396172505826e+17,–≠—Ä–∏–∫,–ê—Ä–±–∏—Ç—Ä–∞–∂–Ω—ã–π —á–∞—Ç - DaddyAff,1385260727
5586,EvGenshinRu,507788789,-4.734073743906097e+18,Evgeshka,–ê—Ä–±–∏—Ç—Ä–∞–∂–Ω—ã–π —á–∞—Ç - DaddyAff,1385260727
5587,SpawnOdessa,536376868,-2.2550636755196485e+18,Eugene,–ê—Ä–±–∏—Ç—Ä–∞–∂–Ω—ã–π —á–∞—Ç - DaddyAff,1385260727
5588,eliudkipchoga,540590831,5.548099680767496e+18,ùê∏lùíæùìäùíπ ùí¶ùíæùìÖùí∏ùíΩùëúùëîùëí,–ê—Ä–±–∏—Ç—Ä–∞–∂–Ω—ã–π —á–∞—Ç - DaddyAff,1385260727
5589,emocouture,647907181,6.095529765237528e+18,Vinsf,–ê—Ä–±–∏—Ç—Ä–∞–∂–Ω—ã–π —á–∞—Ç - DaddyAff,1385260727
5590,Mememeliz,1516207474,5.233898677314778e+18,Elly,–ê—Ä–±–∏—Ç—Ä–∞–∂–Ω—ã–π —á–∞—Ç - DaddyAff,1385260727
5591,El_Gato1,211822568,1.239808623868232e+18,El Gato Peligroso üêÖüêÖüêÖ,–ê—Ä–±–∏—Ç—Ä–∞–∂–Ω—ã–π —á–∞—Ç - DaddyAff,1385260727
5592,bel_everest,311818874,-4.791650208168186e+18,Gennady Chernov,–ê—Ä–±–∏—Ç—Ä–∞–∂–Ω—ã–π —á–∞—Ç - DaddyAff,1385260727
5593,prosto_ega,200416199,7.194388179879815e+18,Prosto Ega,–ê—Ä–±–∏—Ç—Ä–∞–∂–Ω—ã–π —á–∞—Ç - DaddyAff,1385260727
5594,EbaTabay,286638958,2.517632712458208e+18,Pax‚úå Malone,–ê—Ä–±–∏—Ç—Ä–∞–∂–Ω—ã–π —á–∞—Ç - DaddyAff,1385260727
5595,electric_novgorod,310569095,9.20944549814231e+18,–î–º–∏—Ç—Ä–∏–π –®,–ê—Ä–±–∏—Ç—Ä–∞–∂–Ω—ã–π —á–∞—Ç - DaddyAff,1385260727
5596,d_e_n_s,347942579,-4.754364948684029e+18,Denis Shevchenko,–ê—Ä–±–∏—Ç—Ä–∞–∂–Ω—ã–π —á–∞—Ç - DaddyAff,1385260727
5597,Double_7,378010352,-2.8269806589710536e+18,ES,–ê—Ä–±–∏—Ç—Ä–∞–∂–Ω—ã–π —á–∞—Ç - DaddyAff,1385260727
5598,edblmn,393933093,-6.45165230699548e+16,–î–∞–Ω–∏–∏–ª,–ê—Ä–±–∏—Ç—Ä–∞–∂–Ω—ã–π —á–∞—Ç - DaddyAff,1385260727
5599,DropMichael,5826375651,6.139446243296996e+18,DropMichael,–ê—Ä–±–∏—Ç—Ä–∞–∂–Ω—ã–π —á–∞—Ç - DaddyAff,1385260727
5600,dima777788,5275870055,1.1377867996405528e+18,–î—ñ–º–∞,–ê—Ä–±–∏—Ç—Ä–∞–∂–Ω—ã–π —á–∞—Ç - DaddyAff,1385260727
5601,dovidk2023,5674729182,-3.760869778714508e+18,–í–∏–ø–∏—Å–∫–∏ –î–æ–≤—ñ–¥–∫–∏,–ê—Ä–±–∏—Ç—Ä–∞–∂–Ω—ã–π —á–∞—Ç - DaddyAff,1385260727
5602,dikabw,5895016773,-4.3127856887183775e+18,–†—É—Å–ª–∞–Ω,–ê—Ä–±–∏—Ç—Ä–∞–∂–Ω—ã–π —á–∞—Ç - DaddyAff,1385260727
5604,diska348,5787314217,-4.880852192884397e+18,Dishkaüè¶,–ê—Ä–±–∏—Ç—Ä–∞–∂–Ω—ã–π —á–∞—Ç - DaddyAff,1385260727
5605,di_celine,5765731093,-1.4338837495846812e+18,Diana Celine,–ê—Ä–±–∏—Ç—Ä–∞–∂–Ω—ã–π —á–∞—Ç - DaddyAff,1385260727
5606,dchon0,5525617953,5.520919852780667e+18,–î‚Éù –∂‚Éù –æ‚Éù –Ω‚Éù,–ê—Ä–±–∏—Ç—Ä–∞–∂–Ω—ã–π —á–∞—Ç - DaddyAff,1385260727
5607,darkis222,1669632360,3.578273982626938e+17,darkis,–ê—Ä–±–∏—Ç—Ä–∞–∂–Ω—ã–π —á–∞—Ç - DaddyAff,1385260727
5609,Donald00Duck,5936491569,4.299991782796666e+18,Donald Duck,–ê—Ä–±–∏—Ç—Ä–∞–∂–Ω—ã–π —á–∞—Ç - DaddyAff,1385260727
5611,dan1ilka211,5559628137,1.2758909028465956e+18,Danilka_21,–ê—Ä–±–∏—Ç—Ä–∞–∂–Ω—ã–π —á–∞—Ç - DaddyAff,1385260727
5612,anika_detka,5647911776,-4.205186625060019e+17,–ê–Ω–Ω–∞,–ê—Ä–±–∏—Ç—Ä–∞–∂–Ω—ã–π —á–∞—Ç - DaddyAff,1385260727
5613,deadcpa,5860752669,4.827770419610732e+18,Columbus,–ê—Ä–±–∏—Ç—Ä–∞–∂–Ω—ã–π —á–∞—Ç - DaddyAff,1385260727
5614,donna888uk,911735337,-6.596480010145132e+18,DONNA,–ê—Ä–±–∏—Ç—Ä–∞–∂–Ω—ã–π —á–∞—Ç - DaddyAff,1385260727
5615,DmitryOgnev,846938066,-4.996727243903068e+18,–î–∏–º–∞,–ê—Ä–±–∏—Ç—Ä–∞–∂–Ω—ã–π —á–∞—Ç - DaddyAff,1385260727
5616,dorgumchik,5790013362,2.189511286328085e+16,–†—É—Å–ª–∞–Ω,–ê—Ä–±–∏—Ç—Ä–∞–∂–Ω—ã–π —á–∞—Ç - DaddyAff,1385260727
5617,DGprem,1041285195,-8.873902866901543e+18,DGprem,–ê—Ä–±–∏—Ç—Ä–∞–∂–Ω—ã–π —á–∞—Ç - DaddyAff,1385260727
5618,dmitriy_affcountry,5652464354,-2.624806496877708e+18,Dmitriy | Affcountry.com,–ê—Ä–±–∏—Ç—Ä–∞–∂–Ω—ã–π —á–∞—Ç - DaddyAff,1385260727
5619,dimocq,5558011051,-7.497169793707824e+18,–º–æ–Ω,–ê—Ä–±–∏—Ç—Ä–∞–∂–Ω—ã–π —á–∞—Ç - DaddyAff,1385260727
5620,dashik_13_4,422799864,3.5924812219633044e+18,Daria,–ê—Ä–±–∏—Ç—Ä–∞–∂–Ω—ã–π —á–∞—Ç - DaddyAff,1385260727
5621,denver53,5303088624,-2.4027557440757924e+18,denver,–ê—Ä–±–∏—Ç—Ä–∞–∂–Ω—ã–π —á–∞—Ç - DaddyAff,1385260727
5622,dark_1344,5751246883,-7.787058630991133e+18,–î–ê–†–ö,–ê—Ä–±–∏—Ç—Ä–∞–∂–Ω—ã–π —á–∞—Ç - DaddyAff,1385260727
5623,DmitrryLoginov,5742072514,2.010961848857021e+18,–î–º–∏—Ç—Ä–∏–π –õ–æ–≥–∏–Ω–æ–≤,–ê—Ä–±–∏—Ç—Ä–∞–∂–Ω—ã–π —á–∞—Ç - DaddyAff,1385260727
5624,DonnaFun,5480471646,4.058036237090951e+18,Donna Carroll,–ê—Ä–±–∏—Ç—Ä–∞–∂–Ω—ã–π —á–∞—Ç - DaddyAff,1385260727
5625,daddyaffchat_bot,5260335302,-4.528371202409833e+18,daddyaffchat,–ê—Ä–±–∏—Ç—Ä–∞–∂–Ω—ã–π —á–∞—Ç - DaddyAff,1385260727
5626,Deizi_Dz,749660376,-6.601735685103685e+18,Durka,–ê—Ä–±–∏—Ç—Ä–∞–∂–Ω—ã–π —á–∞—Ç - DaddyAff,1385260727
5627,devildgh,2030552316,6.071986721804238e+18,Devil,–ê—Ä–±–∏—Ç—Ä–∞–∂–Ω—ã–π —á–∞—Ç - DaddyAff,1385260727
5628,danilagorillla,5627846574,-3.3106202158645304e+18,–î–∞–Ω–∏–ª,–ê—Ä–±–∏—Ç—Ä–∞–∂–Ω—ã–π —á–∞—Ç - DaddyAff,1385260727
5629,dearouz,482998619,5.68880624854082e+18,–†–∏–≤–µ—Ä—Å,–ê—Ä–±–∏—Ç—Ä–∞–∂–Ω—ã–π —á–∞—Ç - DaddyAff,1385260727
